Channel_Nuclei,Channel_phallodin,Channel_tsO45G,Count_Nuclei,Count_PlasmaMembrane,Count_SecratoryMembrane,ExecutionTime_01Images,ExecutionTime_02Metadata,ExecutionTime_03NamesAndTypes,ExecutionTime_04Groups,ExecutionTime_05SaveImages,ExecutionTime_06IdentifyPrimaryObjects,ExecutionTime_07IdentifySecondaryObjects,ExecutionTime_08IdentifyTertiaryObjects,ExecutionTime_09MeasureObjectIntensity,FileName_Nuclei,FileName_phallodin,FileName_tsO45G,Frame_Nuclei,Frame_phallodin,Frame_tsO45G,Group_Index,Group_Length,Group_Number,Height_Nuclei,Height_phallodin,Height_tsO45G,ImageNumber,ImageSet_ImageSet,MD5Digest_Nuclei,MD5Digest_phallodin,MD5Digest_tsO45G,Metadata_Frame,Metadata_Series,ModuleError_01Images,ModuleError_02Metadata,ModuleError_03NamesAndTypes,ModuleError_04Groups,ModuleError_05SaveImages,ModuleError_06IdentifyPrimaryObjects,ModuleError_07IdentifySecondaryObjects,ModuleError_08IdentifyTertiaryObjects,ModuleError_09MeasureObjectIntensity,PathName_Nuclei,PathName_phallodin,PathName_tsO45G,ProcessingStatus,Scaling_Nuclei,Scaling_phallodin,Scaling_tsO45G,Series_Nuclei,Series_phallodin,Series_tsO45G,Threshold_FinalThreshold_Nuclei,Threshold_FinalThreshold_SecratoryMembrane,Threshold_OrigThreshold_Nuclei,Threshold_OrigThreshold_SecratoryMembrane,Threshold_SumOfEntropies_Nuclei,Threshold_SumOfEntropies_SecratoryMembrane,Threshold_WeightedVariance_Nuclei,Threshold_WeightedVariance_SecratoryMembrane,URL_Nuclei,URL_phallodin,URL_tsO45G,Width_Nuclei,Width_phallodin,Width_tsO45G
-1,-1,-1,137.0,137.0,137.0,0.0,0.0,0.578125,0.0,0.0625,0.625,0.640625,0.140625,0.03125,--W00351--P00001--Z00000--T00000--dapi.tif,--W00351--P00001--Z00000--T00000--pm-647.tif,--W00351--P00001--Z00000--T00000--vsvg-cfp.tif,0,0,0,1,34,1,1024,1024,1024,1,b'eLv0RrmdG20NjHYVhlXQjrYH6BDIBbm6ZibmVApiUFlhBwDZgmLE',f7b9004aeb540ff1d42610eea6def7d8,bdbd66a25426da21f552d375efbd7c24,12f4562fa919cf7b51e3839477bc15cc,0,0,0,0,0,0,0,0,0,0,0,C:\Users\holly\OneDrive\Bureau\Internship\Dataset,C:\Users\holly\OneDrive\Bureau\Internship\Dataset,C:\Users\holly\OneDrive\Bureau\Internship\Dataset,Done,65535,65535,65535,0,0,0,0.00865528080612421,0.009183426387608051,0.008655281,0.009183426,-13.166493905131121,-13.235857954751236,0.052400109667051505,0.08365628209406038,file:///C:/Users/holly/OneDrive/Bureau/Internship/Dataset/--W00351--P00001--Z00000--T00000--dapi.tif,file:///C:/Users/holly/OneDrive/Bureau/Internship/Dataset/--W00351--P00001--Z00000--T00000--pm-647.tif,file:///C:/Users/holly/OneDrive/Bureau/Internship/Dataset/--W00351--P00001--Z00000--T00000--vsvg-cfp.tif,1344,1344,1344
-1,-1,-1,95.0,95.0,95.0,0.0,0.0,0.4375,0.0,0.0625,1.0625,0.359375,0.078125,0.03125,--W00352--P00001--Z00000--T00000--dapi.tif,--W00352--P00001--Z00000--T00000--pm-647.tif,--W00352--P00001--Z00000--T00000--vsvg-cfp.tif,0,0,0,2,34,1,1024,1024,1024,2,b'eLv0RrmdG20N0Kw1YDTaGhiAoB1tD9AhkAtydc1MzKkUxKCywg4A3u5ixw==',e5b8e155c543efd642dc82cbdbc6b9a4,f25a535d030eb567310473df06c0c7ba,163188730650a432d761fc35ea87896b,0,0,0,0,0,0,0,0,0,0,0,C:\Users\holly\OneDrive\Bureau\Internship\Dataset,C:\Users\holly\OneDrive\Bureau\Internship\Dataset,C:\Users\holly\OneDrive\Bureau\Internship\Dataset,Done,65535,65535,65535,0,0,0,0.008444060571491718,0.008892528712749481,0.008444061,0.008892529,-13.113582663516617,-13.20499188582038,0.03712129457517492,0.05806237294619417,file:///C:/Users/holly/OneDrive/Bureau/Internship/Dataset/--W00352--P00001--Z00000--T00000--dapi.tif,file:///C:/Users/holly/OneDrive/Bureau/Internship/Dataset/--W00352--P00001--Z00000--T00000--pm-647.tif,file:///C:/Users/holly/OneDrive/Bureau/Internship/Dataset/--W00352--P00001--Z00000--T00000--vsvg-cfp.tif,1344,1344,1344
-1,-1,-1,148.0,148.0,148.0,0.0,0.0,0.53125,0.0,0.03125,1.296875,0.453125,0.09375,0.078125,--W00353--P00001--Z00000--T00000--dapi.tif,--W00353--P00001--Z00000--T00000--pm-647.tif,--W00353--P00001--Z00000--T00000--vsvg-cfp.tif,0,0,0,3,34,1,1024,1024,1024,3,b'eLv0RrmdG20N0Kw1gC9djrYGaBW0o+0BOgRyQa6umYk5lYIYVFbYAQDkWmLK',ec023899c922679946efa9e81ebf29ea,f28edd8b4eb40669da22a10784b75d46,702a23299a4c14874a4fa77b1ee74b4a,0,0,0,0,0,0,0,0,0,0,0,C:\Users\holly\OneDrive\Bureau\Internship\Dataset,C:\Users\holly\OneDrive\Bureau\Internship\Dataset,C:\Users\holly\OneDrive\Bureau\Internship\Dataset,Done,65535,65535,65535,0,0,0,0.008778461255133152,0.008712923154234886,0.008778461,0.008712923,-13.122293032669338,-13.215917033235678,0.058727811926362825,0.06567954343396802,file:///C:/Users/holly/OneDrive/Bureau/Internship/Dataset/--W00353--P00001--Z00000--T00000--dapi.tif,file:///C:/Users/holly/OneDrive/Bureau/Internship/Dataset/--W00353--P00001--Z00000--T00000--pm-647.tif,file:///C:/Users/holly/OneDrive/Bureau/Internship/Dataset/--W00353--P00001--Z00000--T00000--vsvg-cfp.tif,1344,1344,1344
-1,-1,-1,73.0,73.0,73.0,0.0,0.0,0.53125,0.0,0.0625,0.890625,0.5,0.09375,0.109375,--W00354--P00001--Z00000--T00000--dapi.tif,--W00354--P00001--Z00000--T00000--pm-647.tif,--W00354--P00001--Z00000--T00000--vsvg-cfp.tif,0,0,0,4,34,1,1024,1024,1024,4,b'eLv0RrmdG20N0Kw1YDLaGhiAoB1tD9AhkAtydc1MzKkUxKCywg4A6cZizQ==',d0f10c147a273a8a8cd9b469f12f8c88,2d29e9226a1d6c185eeb468a1c0596a5,92aefa444340ad0c1a5169a4f7def86e,0,0,0,0,0,0,0,0,0,0,0,C:\Users\holly\OneDrive\Bureau\Internship\Dataset,C:\Users\holly\OneDrive\Bureau\Internship\Dataset,C:\Users\holly\OneDrive\Bureau\Internship\Dataset,Done,65535,65535,65535,0,0,0,0.008874685503542423,0.009214352816343307,0.0088746855,0.009214353,-13.186962857699738,-13.197474697720846,0.036170283975508255,0.05928041166367848,file:///C:/Users/holly/OneDrive/Bureau/Internship/Dataset/--W00354--P00001--Z00000--T00000--dapi.tif,file:///C:/Users/holly/OneDrive/Bureau/Internship/Dataset/--W00354--P00001--Z00000--T00000--pm-647.tif,file:///C:/Users/holly/OneDrive/Bureau/Internship/Dataset/--W00354--P00001--Z00000--T00000--vsvg-cfp.tif,1344,1344,1344
-1,-1,-1,131.0,131.0,131.0,0.0,0.0,0.109375,0.0,0.0,0.578125,0.53125,0.15625,0.046875,--W00355--P00001--Z00000--T00000--dapi.tif,--W00355--P00001--Z00000--T00000--pm-647.tif,--W00355--P00001--Z00000--T00000--vsvg-cfp.tif,0,0,0,5,34,1,1024,1024,1024,5,b'eLv0RrmdG20N0Kw1gCc7j7YGaBa0o+0BOgRyQa6umYk5lYIYVFbYAQDvMmLQ',db7fa4b0418f0a8631ae97b89ecf796f,073d8b87e4f4c982708d0f3bc496cd34,b4926f6e07f11e162e0eecd8b9b3bc7e,0,0,0,0,0,0,0,0,0,0,0,C:\Users\holly\OneDrive\Bureau\Internship\Dataset,C:\Users\holly\OneDrive\Bureau\Internship\Dataset,C:\Users\holly\OneDrive\Bureau\Internship\Dataset,Done,65535,65535,65535,0,0,0,0.007984154857695103,0.009677840396761894,0.007984155,0.00967784,-13.34334726016089,-13.224784440056661,0.055419345009080904,0.06488818448434315,file:///C:/Users/holly/OneDrive/Bureau/Internship/Dataset/--W00355--P00001--Z00000--T00000--dapi.tif,file:///C:/Users/holly/OneDrive/Bureau/Internship/Dataset/--W00355--P00001--Z00000--T00000--pm-647.tif,file:///C:/Users/holly/OneDrive/Bureau/Internship/Dataset/--W00355--P00001--Z00000--T00000--vsvg-cfp.tif,1344,1344,1344
-1,-1,-1,112.0,112.0,112.0,0.0,0.0,0.109375,0.0,0.015625,0.671875,0.515625,0.109375,0.078125,--W00356--P00001--Z00000--T00000--dapi.tif,--W00356--P00001--Z00000--T00000--pm-647.tif,--W00356--P00001--Z00000--T00000--vsvg-cfp.tif,0,0,0,6,34,1,1024,1024,1024,6,b'eLv0RrmdG20N0Kw1YDbaGhiAoB1tD9AhkAtydc1MzKkUxKCywg4A9J5i0w==',ff12d7a3937b58c029c5ff020ba870bc,74567c3b36f9c941dc46598f9d5916b7,21b73a362bf3aa38d65f1550e4f91f91,0,0,0,0,0,0,0,0,0,0,0,C:\Users\holly\OneDrive\Bureau\Internship\Dataset,C:\Users\holly\OneDrive\Bureau\Internship\Dataset,C:\Users\holly\OneDrive\Bureau\Internship\Dataset,Done,65535,65535,65535,0,0,0,0.007576590869575739,0.008149364031851292,0.007576591,0.008149364,-13.266752240627657,-13.198107345897881,0.04259705840643354,0.06684230455734526,file:///C:/Users/holly/OneDrive/Bureau/Internship/Dataset/--W00356--P00001--Z00000--T00000--dapi.tif,file:///C:/Users/holly/OneDrive/Bureau/Internship/Dataset/--W00356--P00001--Z00000--T00000--pm-647.tif,file:///C:/Users/holly/OneDrive/Bureau/Internship/Dataset/--W00356--P00001--Z00000--T00000--vsvg-cfp.tif,1344,1344,1344
-1,-1,-1,125.0,125.0,125.0,0.0,0.0,0.171875,0.0,0.0,0.71875,0.609375,0.0625,0.015625,--W00357--P00001--Z00000--T00000--dapi.tif,--W00357--P00001--Z00000--T00000--pm-647.tif,--W00357--P00001--Z00000--T00000--vsvg-cfp.tif,0,0,0,7,34,1,1024,1024,1024,7,b'eLv0RrmdG20N0Kw1gKd0Gm0N0CxoR9sDdAjkglxdMxNzKgUxqKywAwD6CmLW',212c8487269cb2cf8ad817ad87f55d37,5b490fa7679052a16d2524d9e1a06b73,087ee8d4537d39505310c541e5bff0a2,0,0,0,0,0,0,0,0,0,0,0,C:\Users\holly\OneDrive\Bureau\Internship\Dataset,C:\Users\holly\OneDrive\Bureau\Internship\Dataset,C:\Users\holly\OneDrive\Bureau\Internship\Dataset,Done,65535,65535,65535,0,0,0,0.008910859003663063,0.010389500297605991,0.008910859,0.0103895,-13.198231168469587,-13.167705950224814,0.05445482145645591,0.0718660301681964,file:///C:/Users/holly/OneDrive/Bureau/Internship/Dataset/--W00357--P00001--Z00000--T00000--dapi.tif,file:///C:/Users/holly/OneDrive/Bureau/Internship/Dataset/--W00357--P00001--Z00000--T00000--pm-647.tif,file:///C:/Users/holly/OneDrive/Bureau/Internship/Dataset/--W00357--P00001--Z00000--T00000--vsvg-cfp.tif,1344,1344,1344
-1,-1,-1,144.0,144.0,144.0,0.0,0.0,0.203125,0.0,0.046875,0.5625,0.65625,0.125,0.078125,--W00358--P00001--Z00000--T00000--dapi.tif,--W00358--P00001--Z00000--T00000--pm-647.tif,--W00358--P00001--Z00000--T00000--vsvg-cfp.tif,0,0,0,8,34,1,1024,1024,1024,8,b'eLv0RrmdG20N0Kw1YDHaGhiAoB1tD9AhkAtydc1MzKkUxKCywg4A/3Zi2Q==',bdc8a53253ca1c8a428e072d65e5ca27,81ee1bad9eea414db2ee5da67012405c,24619b9f7decbc27553fceda7976533f,0,0,0,0,0,0,0,0,0,0,0,C:\Users\holly\OneDrive\Bureau\Internship\Dataset,C:\Users\holly\OneDrive\Bureau\Internship\Dataset,C:\Users\holly\OneDrive\Bureau\Internship\Dataset,Done,65535,65535,65535,0,0,0,0.008477877825498581,0.009374630637466908,0.008477878,0.009374631,-13.281029546087272,-13.214560600416705,0.056963374286277985,0.08385806985930751,file:///C:/Users/holly/OneDrive/Bureau/Internship/Dataset/--W00358--P00001--Z00000--T00000--dapi.tif,file:///C:/Users/holly/OneDrive/Bureau/Internship/Dataset/--W00358--P00001--Z00000--T00000--pm-647.tif,file:///C:/Users/holly/OneDrive/Bureau/Internship/Dataset/--W00358--P00001--Z00000--T00000--vsvg-cfp.tif,1344,1344,1344
-1,-1,-1,112.0,112.0,112.0,0.0,0.0,0.21875,0.0,0.015625,0.609375,0.53125,0.046875,0.03125,--W00359--P00001--Z00000--T00000--dapi.tif,--W00359--P00001--Z00000--T00000--pm-647.tif,--W00359--P00001--Z00000--T00000--vsvg-cfp.tif,0,0,0,9,34,1,1024,1024,1024,9,b'eLv0RrmdG20NjLYGhlXQjrYH6BDIBbm6ZibmVApiUFlhBwAE8WLc',3f5f15e06724278d9f7715b60b68618c,9c3c6dfa0b7d7b1af9f872d610bbbfe8,0ae464d7b036ae154b9255f87396139c,0,0,0,0,0,0,0,0,0,0,0,C:\Users\holly\OneDrive\Bureau\Internship\Dataset,C:\Users\holly\OneDrive\Bureau\Internship\Dataset,C:\Users\holly\OneDrive\Bureau\Internship\Dataset,Done,65535,65535,65535,0,0,0,0.0072282166220247746,0.011677833274006844,0.0072282166,0.011677833,-13.344875979163145,-13.01334154456342,0.04882381216012548,0.0932225186015027,file:///C:/Users/holly/OneDrive/Bureau/Internship/Dataset/--W00359--P00001--Z00000--T00000--dapi.tif,file:///C:/Users/holly/OneDrive/Bureau/Internship/Dataset/--W00359--P00001--Z00000--T00000--pm-647.tif,file:///C:/Users/holly/OneDrive/Bureau/Internship/Dataset/--W00359--P00001--Z00000--T00000--vsvg-cfp.tif,1344,1344,1344
-1,-1,-1,180.0,180.0,180.0,0.0,0.0,0.109375,0.0,0.0625,0.578125,0.65625,0.125,0.09375,--W00360--P00001--Z00000--T00000--dapi.tif,--W00360--P00001--Z00000--T00000--pm-647.tif,--W00360--P00001--Z00000--T00000--vsvg-cfp.tif,0,0,0,10,34,1,1024,1024,1024,10,b'eLv0RrmdG20N0Kx0MhhtDQxA0I62B+gQyAW5umYm5lQKYlBZYQcA2YVixA==',ac87d1027dcfb2719879907bf020336e,7ab4a6d155ef69764df3da11d952bbc6,4ef465dbb35b35df1ee9f81fece670cb,0,0,0,0,0,0,0,0,0,0,0,C:\Users\holly\OneDrive\Bureau\Internship\Dataset,C:\Users\holly\OneDrive\Bureau\Internship\Dataset,C:\Users\holly\OneDrive\Bureau\Internship\Dataset,Done,65535,65535,65535,0,0,0,0.007486988790333271,0.008542785421013832,0.007486989,0.008542785,-13.244322424247967,-13.241649505423503,0.059059763176975366,0.08153489790878764,file:///C:/Users/holly/OneDrive/Bureau/Internship/Dataset/--W00360--P00001--Z00000--T00000--dapi.tif,file:///C:/Users/holly/OneDrive/Bureau/Internship/Dataset/--W00360--P00001--Z00000--T00000--pm-647.tif,file:///C:/Users/holly/OneDrive/Bureau/Internship/Dataset/--W00360--P00001--Z00000--T00000--vsvg-cfp.tif,1344,1344,1344
-1,-1,-1,66.0,66.0,66.0,0.0,0.0,0.125,0.0,0.015625,0.78125,0.421875,0.09375,0.0625,--W00361--P00001--Z00000--T00000--dapi.tif,--W00361--P00001--Z00000--T00000--pm-647.tif,--W00361--P00001--Z00000--T00000--vsvg-cfp.tif,0,0,0,11,34,1,1024,1024,1024,11,b'eLv0RrmdG20N0Kx0Gu0qDETQjrYH6BDIBbm6ZibmVApiUFlhBwDe8WLH',942cf7483d3b95f6836d9aea119c4dc9,790217d8d8aeb2d885f214d8514ce135,47f14b3a12727f2d8383417374e4330a,0,0,0,0,0,0,0,0,0,0,0,C:\Users\holly\OneDrive\Bureau\Internship\Dataset,C:\Users\holly\OneDrive\Bureau\Internship\Dataset,C:\Users\holly\OneDrive\Bureau\Internship\Dataset,Done,65535,65535,65535,0,0,0,0.009517366997897625,0.009368606843054295,0.009517367,0.009368607,-13.146807874888971,-13.237420639103615,0.0294863629730674,0.03940246102270012,file:///C:/Users/holly/OneDrive/Bureau/Internship/Dataset/--W00361--P00001--Z00000--T00000--dapi.tif,file:///C:/Users/holly/OneDrive/Bureau/Internship/Dataset/--W00361--P00001--Z00000--T00000--pm-647.tif,file:///C:/Users/holly/OneDrive/Bureau/Internship/Dataset/--W00361--P00001--Z00000--T00000--vsvg-cfp.tif,1344,1344,1344
-1,-1,-1,93.0,93.0,93.0,0.0,0.0,0.140625,0.0,0.0,1.34375,0.328125,0.109375,0.09375,--W00362--P00001--Z00000--T00000--dapi.tif,--W00362--P00001--Z00000--T00000--pm-647.tif,--W00362--P00001--Z00000--T00000--vsvg-cfp.tif,0,0,0,12,34,1,1024,1024,1024,12,b'eLv0RrmdG20N0Kx0MhptDQxA0I62B+gQyAW5umYm5lQKYlBZYQcA5F1iyg==',2bb9496c9c05634414db5139a0b50cd6,e1e576cafc851a22bfeff5503a486835,5ffddec9d96e2f696df774fe87ef126d,0,0,0,0,0,0,0,0,0,0,0,C:\Users\holly\OneDrive\Bureau\Internship\Dataset,C:\Users\holly\OneDrive\Bureau\Internship\Dataset,C:\Users\holly\OneDrive\Bureau\Internship\Dataset,Done,65535,65535,65535,0,0,0,0.009120031259953976,0.010070860385894775,0.009120031,0.01007086,-13.116670953057902,-13.150932560911107,0.0400106201609276,0.06528848945412219,file:///C:/Users/holly/OneDrive/Bureau/Internship/Dataset/--W00362--P00001--Z00000--T00000--dapi.tif,file:///C:/Users/holly/OneDrive/Bureau/Internship/Dataset/--W00362--P00001--Z00000--T00000--pm-647.tif,file:///C:/Users/holly/OneDrive/Bureau/Internship/Dataset/--W00362--P00001--Z00000--T00000--vsvg-cfp.tif,1344,1344,1344
-1,-1,-1,82.0,82.0,82.0,0.0,0.0,0.1875,0.0,0.046875,0.8125,0.578125,0.09375,0.09375,--W00363--P00001--Z00000--T00000--dapi.tif,--W00363--P00001--Z00000--T00000--pm-647.tif,--W00363--P00001--Z00000--T00000--vsvg-cfp.tif,0,0,0,13,34,1,1024,1024,1024,13,b'eLv0RrmdG20N0Kx0wpcuR1sDtAra0fYAHQK5IFfXzMScSkEMKivsAOnJYs0=',4d954de745bd4e0863b749d69066e3b8,ebbe7403917c6dbb6bfa2a37dcb68a48,3009d23b12d1d740f74e033ff64890be,0,0,0,0,0,0,0,0,0,0,0,C:\Users\holly\OneDrive\Bureau\Internship\Dataset,C:\Users\holly\OneDrive\Bureau\Internship\Dataset,C:\Users\holly\OneDrive\Bureau\Internship\Dataset,Done,65535,65535,65535,0,0,0,0.008573760278522968,0.010507432743906975,0.00857376,0.010507433,-13.191256542011939,-13.133001502066335,0.0320974894656944,0.052295808559944944,file:///C:/Users/holly/OneDrive/Bureau/Internship/Dataset/--W00363--P00001--Z00000--T00000--dapi.tif,file:///C:/Users/holly/OneDrive/Bureau/Internship/Dataset/--W00363--P00001--Z00000--T00000--pm-647.tif,file:///C:/Users/holly/OneDrive/Bureau/Internship/Dataset/--W00363--P00001--Z00000--T00000--vsvg-cfp.tif,1344,1344,1344
-1,-1,-1,100.0,100.0,100.0,0.0,0.0,0.109375,0.0,0.0,0.65625,0.578125,0.15625,0.046875,--W00364--P00001--Z00000--T00000--dapi.tif,--W00364--P00001--Z00000--T00000--pm-647.tif,--W00364--P00001--Z00000--T00000--vsvg-cfp.tif,0,0,0,14,34,1,1024,1024,1024,14,b'eLv0RrmdG20N0Kx0MhltDQxA0I62B+gQyAW5umYm5lQKYlBZYQcA7zVi0A==',31df395a1ae9e2c3116440ae11b17482,fa93fa3a899de2e9c66899b1f2d0077c,2918836d8d66c2c4c8d0ded7530ffdbe,0,0,0,0,0,0,0,0,0,0,0,C:\Users\holly\OneDrive\Bureau\Internship\Dataset,C:\Users\holly\OneDrive\Bureau\Internship\Dataset,C:\Users\holly\OneDrive\Bureau\Internship\Dataset,Done,65535,65535,65535,0,0,0,0.008421456441283226,0.010815170593559742,0.008421456,0.010815171,-13.197190563906773,-13.11477926553789,0.04379357711645969,0.07222546116036353,file:///C:/Users/holly/OneDrive/Bureau/Internship/Dataset/--W00364--P00001--Z00000--T00000--dapi.tif,file:///C:/Users/holly/OneDrive/Bureau/Internship/Dataset/--W00364--P00001--Z00000--T00000--pm-647.tif,file:///C:/Users/holly/OneDrive/Bureau/Internship/Dataset/--W00364--P00001--Z00000--T00000--vsvg-cfp.tif,1344,1344,1344
-1,-1,-1,62.0,62.0,62.0,0.0,0.0,0.28125,0.0,0.03125,0.78125,0.34375,0.15625,0.0625,--W00365--P00001--Z00000--T00000--dapi.tif,--W00365--P00001--Z00000--T00000--pm-647.tif,--W00365--P00001--Z00000--T00000--vsvg-cfp.tif,0,0,0,15,34,1,1024,1024,1024,15,b'eLv0RrmdG20N0Kx0wpOdR1sDNAva0fYAHQK5IFfXzMScSkEMKivsAPShYtM=',a962af3a9a835cd5584c0878616cc955,c7369c05f9830031d61b6b949d0f4c8b,fa110f087271947c7b7dd3f2bd877321,0,0,0,0,0,0,0,0,0,0,0,C:\Users\holly\OneDrive\Bureau\Internship\Dataset,C:\Users\holly\OneDrive\Bureau\Internship\Dataset,C:\Users\holly\OneDrive\Bureau\Internship\Dataset,Done,65535,65535,65535,0,0,0,0.008630133233964443,0.010436042211949825,0.008630133,0.010436042,-13.1492810585398,-13.126044259614648,0.026328965876613455,0.0569586438967809,file:///C:/Users/holly/OneDrive/Bureau/Internship/Dataset/--W00365--P00001--Z00000--T00000--dapi.tif,file:///C:/Users/holly/OneDrive/Bureau/Internship/Dataset/--W00365--P00001--Z00000--T00000--pm-647.tif,file:///C:/Users/holly/OneDrive/Bureau/Internship/Dataset/--W00365--P00001--Z00000--T00000--vsvg-cfp.tif,1344,1344,1344
-1,-1,-1,113.0,113.0,113.0,0.0,0.0,0.234375,0.0,0.0,0.890625,0.4375,0.078125,0.0625,--W00366--P00001--Z00000--T00000--dapi.tif,--W00366--P00001--Z00000--T00000--pm-647.tif,--W00366--P00001--Z00000--T00000--vsvg-cfp.tif,0,0,0,16,34,1,1024,1024,1024,16,b'eLv0RrmdG20N0Kx0MhttDQxA0I62B+gQyAW5umYm5lQKYlBZYQcA+g1i1g==',4b0d30e13302a226e89f5ebd827ab33d,9c38058f44345f6fb9f2f09a6ef17796,fba06e87d9e258eed13f4f6a5af8365c,0,0,0,0,0,0,0,0,0,0,0,C:\Users\holly\OneDrive\Bureau\Internship\Dataset,C:\Users\holly\OneDrive\Bureau\Internship\Dataset,C:\Users\holly\OneDrive\Bureau\Internship\Dataset,Done,65535,65535,65535,0,0,0,0.008415608666837215,0.007816407829523087,0.008415609,0.007816408,-13.14885074855947,-13.218949777312655,0.04033434454825624,0.043662787773183165,file:///C:/Users/holly/OneDrive/Bureau/Internship/Dataset/--W00366--P00001--Z00000--T00000--dapi.tif,file:///C:/Users/holly/OneDrive/Bureau/Internship/Dataset/--W00366--P00001--Z00000--T00000--pm-647.tif,file:///C:/Users/holly/OneDrive/Bureau/Internship/Dataset/--W00366--P00001--Z00000--T00000--vsvg-cfp.tif,1344,1344,1344
-1,-1,-1,119.0,119.0,119.0,0.0,0.0,0.359375,0.0,0.0,0.953125,0.546875,0.125,0.109375,--W00367--P00001--Z00000--T00000--dapi.tif,--W00367--P00001--Z00000--T00000--pm-647.tif,--W00367--P00001--Z00000--T00000--vsvg-cfp.tif,0,0,0,17,34,1,1024,1024,1024,17,b'eLv0RrmdG20NDETpNNoaoFnQjrYH6BDIBbm6ZibmVApiUFlhBwD/eWLZ',6650d8449eb7de93a0e9c435726487aa,e168ef72f4894042df7e7d2113f165b5,a7cb1a0cfbdefe9c7d52ce7f59499dca,0,0,0,0,0,0,0,0,0,0,0,C:\Users\holly\OneDrive\Bureau\Internship\Dataset,C:\Users\holly\OneDrive\Bureau\Internship\Dataset,C:\Users\holly\OneDrive\Bureau\Internship\Dataset,Done,65535,65535,65535,0,0,0,0.008680270053446293,0.008708312176167965,0.00868027,0.008708312,-13.141944964382782,-13.235603501010264,0.04488127727244416,0.053850426846855454,file:///C:/Users/holly/OneDrive/Bureau/Internship/Dataset/--W00367--P00001--Z00000--T00000--dapi.tif,file:///C:/Users/holly/OneDrive/Bureau/Internship/Dataset/--W00367--P00001--Z00000--T00000--pm-647.tif,file:///C:/Users/holly/OneDrive/Bureau/Internship/Dataset/--W00367--P00001--Z00000--T00000--vsvg-cfp.tif,1344,1344,1344
-1,-1,-1,112.0,112.0,112.0,0.0,0.0,0.109375,0.0,0.015625,0.71875,0.609375,0.09375,0.078125,--W00368--P00001--Z00000--T00000--dapi.tif,--W00368--P00001--Z00000--T00000--pm-647.tif,--W00368--P00001--Z00000--T00000--vsvg-cfp.tif,0,0,0,18,34,1,1024,1024,1024,18,b'eLv0RrmdG20N0Kx0shhtDQxA0I62B+gQyAW5umYm5lQKYlBZYQcABPRi3A==',8ba8e5c04463faff14a73bddde225ced,ad1b9a199f82ebde3441217c82b7279f,d580f93abcc6aa5c76b7ef5681a98769,0,0,0,0,0,0,0,0,0,0,0,C:\Users\holly\OneDrive\Bureau\Internship\Dataset,C:\Users\holly\OneDrive\Bureau\Internship\Dataset,C:\Users\holly\OneDrive\Bureau\Internship\Dataset,Done,65535,65535,65535,0,0,0,0.008619043044745922,0.009141438640654087,0.008619043,0.009141439,-13.199154662561504,-13.200966556716093,0.04709652138787067,0.06746170940011725,file:///C:/Users/holly/OneDrive/Bureau/Internship/Dataset/--W00368--P00001--Z00000--T00000--dapi.tif,file:///C:/Users/holly/OneDrive/Bureau/Internship/Dataset/--W00368--P00001--Z00000--T00000--pm-647.tif,file:///C:/Users/holly/OneDrive/Bureau/Internship/Dataset/--W00368--P00001--Z00000--T00000--vsvg-cfp.tif,1344,1344,1344
-1,-1,-1,78.0,78.0,78.0,0.0,0.0,0.15625,0.0,0.015625,0.515625,0.734375,0.046875,0.03125,--W00369--P00001--Z00000--T00000--dapi.tif,--W00369--P00001--Z00000--T00000--pm-647.tif,--W00369--P00001--Z00000--T00000--vsvg-cfp.tif,0,0,0,19,34,1,1024,1024,1024,19,b'eLv0RrmdG20N0Kx0Gm0NDETQjrYH6BDIBbm6ZibmVApiUFlhBwAKYGLf',4b87804b3df9eaed5bbde1b8a36501bd,760389dc016554eb662fc83a62963a91,4ec4746e2f0b3e1db65e24f5409765dd,0,0,0,0,0,0,0,0,0,0,0,C:\Users\holly\OneDrive\Bureau\Internship\Dataset,C:\Users\holly\OneDrive\Bureau\Internship\Dataset,C:\Users\holly\OneDrive\Bureau\Internship\Dataset,Done,65535,65535,65535,0,0,0,0.008878828957676888,0.009497687220573425,0.008878829,0.009497687,-13.105515199527968,-13.169154973776642,0.03348685549242093,0.06262260721002479,file:///C:/Users/holly/OneDrive/Bureau/Internship/Dataset/--W00369--P00001--Z00000--T00000--dapi.tif,file:///C:/Users/holly/OneDrive/Bureau/Internship/Dataset/--W00369--P00001--Z00000--T00000--pm-647.tif,file:///C:/Users/holly/OneDrive/Bureau/Internship/Dataset/--W00369--P00001--Z00000--T00000--vsvg-cfp.tif,1344,1344,1344
-1,-1,-1,54.0,54.0,54.0,0.0,0.0,0.125,0.0,0.0,0.640625,0.515625,0.140625,0.0625,--W00370--P00001--Z00000--T00000--dapi.tif,--W00370--P00001--Z00000--T00000--pm-647.tif,--W00370--P00001--Z00000--T00000--vsvg-cfp.tif,0,0,0,20,34,1,1024,1024,1024,20,b'eLv0RrmdG20N0Cw7G4y2BgYgaEfbA3QI5IJcXTMTcyoFMaissAMA3vRixw==',7735e8a18f43cdb10e29a916afeaefb4,514e4fb5392107133838229c6b9ed98f,ee320d0a2d81651d96baa949fb3554ce,0,0,0,0,0,0,0,0,0,0,0,C:\Users\holly\OneDrive\Bureau\Internship\Dataset,C:\Users\holly\OneDrive\Bureau\Internship\Dataset,C:\Users\holly\OneDrive\Bureau\Internship\Dataset,Done,65535,65535,65535,0,0,0,0.007702046539634466,0.009446376003324986,0.0077020465,0.009446376,-13.243574845905268,-13.183986652841003,0.025058187270328096,0.04420797548561544,file:///C:/Users/holly/OneDrive/Bureau/Internship/Dataset/--W00370--P00001--Z00000--T00000--dapi.tif,file:///C:/Users/holly/OneDrive/Bureau/Internship/Dataset/--W00370--P00001--Z00000--T00000--pm-647.tif,file:///C:/Users/holly/OneDrive/Bureau/Internship/Dataset/--W00370--P00001--Z00000--T00000--vsvg-cfp.tif,1344,1344,1344
-1,-1,-1,90.0,90.0,90.0,0.0,0.0,0.234375,0.0,0.03125,0.453125,0.421875,0.09375,0.109375,--W00371--P00001--Z00000--T00000--dapi.tif,--W00371--P00001--Z00000--T00000--pm-647.tif,--W00371--P00001--Z00000--T00000--vsvg-cfp.tif,0,0,0,21,34,1,1024,1024,1024,21,b'eLv0RrmdG20N0Cw7j3YVBiJoR9sDdAjkglxdMxNzKgUxqKywAwDkYGLK',77cfef271b268537b60a311d56d2ac6d,6c2e86a89be75fffc4ce2fb8a35d0f60,bd201c38ff84f9f56473f52e2043a54e,0,0,0,0,0,0,0,0,0,0,0,C:\Users\holly\OneDrive\Bureau\Internship\Dataset,C:\Users\holly\OneDrive\Bureau\Internship\Dataset,C:\Users\holly\OneDrive\Bureau\Internship\Dataset,Done,65535,65535,65535,0,0,0,0.009143567644059658,0.010511963628232479,0.009143568,0.010511964,-13.15880897361674,-13.103020525026427,0.042085598462021846,0.06942404594337859,file:///C:/Users/holly/OneDrive/Bureau/Internship/Dataset/--W00371--P00001--Z00000--T00000--dapi.tif,file:///C:/Users/holly/OneDrive/Bureau/Internship/Dataset/--W00371--P00001--Z00000--T00000--pm-647.tif,file:///C:/Users/holly/OneDrive/Bureau/Internship/Dataset/--W00371--P00001--Z00000--T00000--vsvg-cfp.tif,1344,1344,1344
-1,-1,-1,99.0,99.0,99.0,0.0,0.0,0.078125,0.0,0.03125,0.671875,0.390625,0.109375,0.078125,--W00372--P00001--Z00000--T00000--dapi.tif,--W00372--P00001--Z00000--T00000--pm-647.tif,--W00372--P00001--Z00000--T00000--vsvg-cfp.tif,0,0,0,22,34,1,1024,1024,1024,22,b'eLv0RrmdG20N0Cw7G422BgYgaEfbA3QI5IJcXTMTcyoFMaissAMA6cxizQ==',0741a117961ebaf0ff8cd0d344279fde,e787829770317159edfe77a0b1792365,6229a39d9a3e5de3a04ad6f06776ae64,0,0,0,0,0,0,0,0,0,0,0,C:\Users\holly\OneDrive\Bureau\Internship\Dataset,C:\Users\holly\OneDrive\Bureau\Internship\Dataset,C:\Users\holly\OneDrive\Bureau\Internship\Dataset,Done,65535,65535,65535,0,0,0,0.00906982272863388,0.008657395839691162,0.009069823,0.008657396,-13.0786192861394,-13.240820978672637,0.03995487750424737,0.052604507442283864,file:///C:/Users/holly/OneDrive/Bureau/Internship/Dataset/--W00372--P00001--Z00000--T00000--dapi.tif,file:///C:/Users/holly/OneDrive/Bureau/Internship/Dataset/--W00372--P00001--Z00000--T00000--pm-647.tif,file:///C:/Users/holly/OneDrive/Bureau/Internship/Dataset/--W00372--P00001--Z00000--T00000--vsvg-cfp.tif,1344,1344,1344
-1,-1,-1,157.0,157.0,157.0,0.0,0.0,0.109375,0.0,0.015625,0.65625,0.4375,0.15625,0.03125,--W00373--P00001--Z00000--T00000--dapi.tif,--W00373--P00001--Z00000--T00000--pm-647.tif,--W00373--P00001--Z00000--T00000--vsvg-cfp.tif,0,0,0,23,34,1,1024,1024,1024,23,b'eLv0RrmdG20N0Cw740uXo60BWgXtaHuADoFckKtrZmJOpSAGlRV2AO84YtA=',e847a0a8118e0b8946e423f70d49b3cf,af8036c95cf66df86fdcb1269627fbc0,cb9d6c68fd55b6030925a811efad837a,0,0,0,0,0,0,0,0,0,0,0,C:\Users\holly\OneDrive\Bureau\Internship\Dataset,C:\Users\holly\OneDrive\Bureau\Internship\Dataset,C:\Users\holly\OneDrive\Bureau\Internship\Dataset,Done,65535,65535,65535,0,0,0,0.008478346280753613,0.009514950215816498,0.008478346,0.00951495,-13.18951892947392,-13.196235228212098,0.06006330064448932,0.09748507557542921,file:///C:/Users/holly/OneDrive/Bureau/Internship/Dataset/--W00373--P00001--Z00000--T00000--dapi.tif,file:///C:/Users/holly/OneDrive/Bureau/Internship/Dataset/--W00373--P00001--Z00000--T00000--pm-647.tif,file:///C:/Users/holly/OneDrive/Bureau/Internship/Dataset/--W00373--P00001--Z00000--T00000--vsvg-cfp.tif,1344,1344,1344
-1,-1,-1,102.0,102.0,102.0,0.0,0.0,0.171875,0.0,0.03125,0.765625,0.46875,0.03125,0.046875,--W00374--P00001--Z00000--T00000--dapi.tif,--W00374--P00001--Z00000--T00000--pm-647.tif,--W00374--P00001--Z00000--T00000--vsvg-cfp.tif,0,0,0,24,34,1,1024,1024,1024,24,b'eLv0RrmdG20N0Cw7m4y2BgYgaEfbA3QI5IJcXTMTcyoFMaissAMA9KRi0w==',8b7662142974e5dd0bb036f7c5ec12d8,212a6a44278c1eaefc42b4f0951155d0,b0828b2efff5523692eb96fd79509ab6,0,0,0,0,0,0,0,0,0,0,0,C:\Users\holly\OneDrive\Bureau\Internship\Dataset,C:\Users\holly\OneDrive\Bureau\Internship\Dataset,C:\Users\holly\OneDrive\Bureau\Internship\Dataset,Done,65535,65535,65535,0,0,0,0.009298399090766907,0.010878724977374077,0.009298399,0.010878725,-13.125027129957314,-13.095024014296932,0.04450934687472021,0.08023995484946259,file:///C:/Users/holly/OneDrive/Bureau/Internship/Dataset/--W00374--P00001--Z00000--T00000--dapi.tif,file:///C:/Users/holly/OneDrive/Bureau/Internship/Dataset/--W00374--P00001--Z00000--T00000--pm-647.tif,file:///C:/Users/holly/OneDrive/Bureau/Internship/Dataset/--W00374--P00001--Z00000--T00000--vsvg-cfp.tif,1344,1344,1344
-1,-1,-1,167.0,167.0,167.0,0.0,0.0,0.203125,0.0,0.03125,0.578125,0.65625,0.078125,0.09375,--W00375--P00001--Z00000--T00000--dapi.tif,--W00375--P00001--Z00000--T00000--pm-647.tif,--W00375--P00001--Z00000--T00000--vsvg-cfp.tif,0,0,0,25,34,1,1024,1024,1024,25,b'eLv0RrmdG20NDER2Hm0N0CxoR9sDdAjkglxdMxNzKgUxqKywAwD6EGLW',bb78660847879814ae779c9b2f64bc12,54683eec780f90e1e4d5dbac746aceec,72eaf69386e27243d5fc3e2165193033,0,0,0,0,0,0,0,0,0,0,0,C:\Users\holly\OneDrive\Bureau\Internship\Dataset,C:\Users\holly\OneDrive\Bureau\Internship\Dataset,C:\Users\holly\OneDrive\Bureau\Internship\Dataset,Done,65535,65535,65535,0,0,0,0.008159304969012737,0.009402040392160416,0.008159305,0.00940204,-13.186369490403413,-13.156623691096977,0.05707697199865368,0.10730244261367802,file:///C:/Users/holly/OneDrive/Bureau/Internship/Dataset/--W00375--P00001--Z00000--T00000--dapi.tif,file:///C:/Users/holly/OneDrive/Bureau/Internship/Dataset/--W00375--P00001--Z00000--T00000--pm-647.tif,file:///C:/Users/holly/OneDrive/Bureau/Internship/Dataset/--W00375--P00001--Z00000--T00000--vsvg-cfp.tif,1344,1344,1344
-1,-1,-1,121.0,121.0,121.0,0.0,0.0,0.109375,0.0,0.015625,0.453125,0.5625,0.09375,0.09375,--W00376--P00001--Z00000--T00000--dapi.tif,--W00376--P00001--Z00000--T00000--pm-647.tif,--W00376--P00001--Z00000--T00000--vsvg-cfp.tif,0,0,0,26,34,1,1024,1024,1024,26,b'eLv0RrmdG20N0Cw7m422BgYgaEfbA3QI5IJcXTMTcyoFMaissAMA/3xi2Q==',eccda12ed579fe2194e819d20bbd6d4b,2cbbe7187fc76f7e2a3109a5f0901c6a,3134fb607082a9ef19236b4c7ec7de87,0,0,0,0,0,0,0,0,0,0,0,C:\Users\holly\OneDrive\Bureau\Internship\Dataset,C:\Users\holly\OneDrive\Bureau\Internship\Dataset,C:\Users\holly\OneDrive\Bureau\Internship\Dataset,Done,65535,65535,65535,0,0,0,0.008773086592555046,0.009841701947152615,0.008773087,0.009841702,-13.170115503165423,-13.112442616069949,0.05125626192999616,0.08179469058541144,file:///C:/Users/holly/OneDrive/Bureau/Internship/Dataset/--W00376--P00001--Z00000--T00000--dapi.tif,file:///C:/Users/holly/OneDrive/Bureau/Internship/Dataset/--W00376--P00001--Z00000--T00000--pm-647.tif,file:///C:/Users/holly/OneDrive/Bureau/Internship/Dataset/--W00376--P00001--Z00000--T00000--vsvg-cfp.tif,1344,1344,1344
-1,-1,-1,74.0,74.0,74.0,0.0,0.0,0.109375,0.0,0.0,0.546875,0.453125,0.078125,0.046875,--W00377--P00001--Z00000--T00000--dapi.tif,--W00377--P00001--Z00000--T00000--pm-647.tif,--W00377--P00001--Z00000--T00000--vsvg-cfp.tif,0,0,0,27,34,1,1024,1024,1024,27,b'eLv0RrmdG20N0Cw74ymdRlsDNAva0fYAHQK5IFfXzMScSkEMKivsAAT3Ytw=',444d220d9b3529abc46a17732f9aa8d5,58d1128e493efb9e78e31c4f453e056f,da196a66015f621e27ece4640ad7ef66,0,0,0,0,0,0,0,0,0,0,0,C:\Users\holly\OneDrive\Bureau\Internship\Dataset,C:\Users\holly\OneDrive\Bureau\Internship\Dataset,C:\Users\holly\OneDrive\Bureau\Internship\Dataset,Done,65535,65535,65535,0,0,0,0.009230093099176884,0.009422621689736843,0.009230093,0.009422622,-13.198561472074108,-13.250417847174583,0.03413833579108698,0.047231579442357736,file:///C:/Users/holly/OneDrive/Bureau/Internship/Dataset/--W00377--P00001--Z00000--T00000--dapi.tif,file:///C:/Users/holly/OneDrive/Bureau/Internship/Dataset/--W00377--P00001--Z00000--T00000--pm-647.tif,file:///C:/Users/holly/OneDrive/Bureau/Internship/Dataset/--W00377--P00001--Z00000--T00000--vsvg-cfp.tif,1344,1344,1344
-1,-1,-1,78.0,78.0,78.0,0.0,0.0,0.0625,0.0,0.015625,0.59375,0.25,0.046875,0.171875,--W00378--P00001--Z00000--T00000--dapi.tif,--W00378--P00001--Z00000--T00000--pm-647.tif,--W00378--P00001--Z00000--T00000--vsvg-cfp.tif,0,0,0,28,34,1,1024,1024,1024,28,b'eLv0RrmdG20N0Cw7W4y2BgYgaEfbA3QI5IJcXTMTcyoFMaissAMACmNi3w==',b00f00f12350bd3dd82fa22a4b97fcbf,b23ef47082e7851163678f7c2c50f991,2a70abc8bb5de7df44e788065df7af0f,0,0,0,0,0,0,0,0,0,0,0,C:\Users\holly\OneDrive\Bureau\Internship\Dataset,C:\Users\holly\OneDrive\Bureau\Internship\Dataset,C:\Users\holly\OneDrive\Bureau\Internship\Dataset,Done,65535,65535,65535,0,0,0,0.008239241316914558,0.009801692329347134,0.008239241,0.009801692,-13.261705492060305,-13.301423736303843,0.03460282817378259,0.051275098615568435,file:///C:/Users/holly/OneDrive/Bureau/Internship/Dataset/--W00378--P00001--Z00000--T00000--dapi.tif,file:///C:/Users/holly/OneDrive/Bureau/Internship/Dataset/--W00378--P00001--Z00000--T00000--pm-647.tif,file:///C:/Users/holly/OneDrive/Bureau/Internship/Dataset/--W00378--P00001--Z00000--T00000--vsvg-cfp.tif,1344,1344,1344
-1,-1,-1,109.0,109.0,109.0,0.0,0.0,0.234375,0.0,0.03125,0.515625,0.53125,0.046875,0.078125,--W00379--P00001--Z00000--T00000--dapi.tif,--W00379--P00001--Z00000--T00000--pm-647.tif,--W00379--P00001--Z00000--T00000--vsvg-cfp.tif,0,0,0,29,34,1,1024,1024,1024,29,b'eLv0RrmdG20N0Cw7j7YGBiJoR9sDdAjkglxdMxNzKgUxqKywAwAPz2Li',2c646e2f9492c9ad62dda52f9718b9a3,5c88534f1cfda35b0451ca754d9c9a88,be873ffdcbb66405a32ac0795ead0e39,0,0,0,0,0,0,0,0,0,0,0,C:\Users\holly\OneDrive\Bureau\Internship\Dataset,C:\Users\holly\OneDrive\Bureau\Internship\Dataset,C:\Users\holly\OneDrive\Bureau\Internship\Dataset,Done,65535,65535,65535,0,0,0,0.009078498929738998,0.009469864889979362,0.009078499,0.009469865,-13.151810359848268,-13.33883827063553,0.04903669290930999,0.05892226266656139,file:///C:/Users/holly/OneDrive/Bureau/Internship/Dataset/--W00379--P00001--Z00000--T00000--dapi.tif,file:///C:/Users/holly/OneDrive/Bureau/Internship/Dataset/--W00379--P00001--Z00000--T00000--pm-647.tif,file:///C:/Users/holly/OneDrive/Bureau/Internship/Dataset/--W00379--P00001--Z00000--T00000--vsvg-cfp.tif,1344,1344,1344
-1,-1,-1,65.0,65.0,65.0,0.0,0.0,0.140625,0.0,0.0,0.421875,0.796875,0.140625,0.09375,--W00380--P00001--Z00000--T00000--dapi.tif,--W00380--P00001--Z00000--T00000--pm-647.tif,--W00380--P00001--Z00000--T00000--vsvg-cfp.tif,0,0,0,30,34,1,1024,1024,1024,30,b'eLv0RrmdG20N0CxdGoy2BgYgaEfbA3QI5IJcXTMTcyoFMaissAMA5GNiyg==',b583790cf3d22eae803957e12759a33c,ddc6b727c4b5a095ebef659c97581d24,7c72b205d04841fac08faeeff24c5ba7,0,0,0,0,0,0,0,0,0,0,0,C:\Users\holly\OneDrive\Bureau\Internship\Dataset,C:\Users\holly\OneDrive\Bureau\Internship\Dataset,C:\Users\holly\OneDrive\Bureau\Internship\Dataset,Done,65535,65535,65535,0,0,0,0.00936212856322527,0.010142670944333076,0.009362129,0.010142671,-13.149570496023806,-13.155217908626533,0.03097666228399562,0.04686488483671085,file:///C:/Users/holly/OneDrive/Bureau/Internship/Dataset/--W00380--P00001--Z00000--T00000--dapi.tif,file:///C:/Users/holly/OneDrive/Bureau/Internship/Dataset/--W00380--P00001--Z00000--T00000--pm-647.tif,file:///C:/Users/holly/OneDrive/Bureau/Internship/Dataset/--W00380--P00001--Z00000--T00000--vsvg-cfp.tif,1344,1344,1344
-1,-1,-1,127.0,127.0,127.0,0.0,0.0,0.21875,0.0,0.015625,0.875,0.578125,0.046875,0.046875,--W00381--P00001--Z00000--T00000--dapi.tif,--W00381--P00001--Z00000--T00000--pm-647.tif,--W00381--P00001--Z00000--T00000--vsvg-cfp.tif,0,0,0,31,34,1,1024,1024,1024,31,b'eLv0RrmdG20N0CxdjnYVBiJoR9sDdAjkglxdMxNzKgUxqKywAwDpz2LN',26e522a3477debcb6398d981a22cff2d,3bc518d79a36684aee8a6c1d49b7016c,bf4c15b743c5ce6ec0b562db40bd8915,0,0,0,0,0,0,0,0,0,0,0,C:\Users\holly\OneDrive\Bureau\Internship\Dataset,C:\Users\holly\OneDrive\Bureau\Internship\Dataset,C:\Users\holly\OneDrive\Bureau\Internship\Dataset,Done,65535,65535,65535,0,0,0,0.008827535435557365,0.00973568856716156,0.008827535,0.009735689,-13.112546922005425,-13.218043847261121,0.04480275699529557,0.08237205487223978,file:///C:/Users/holly/OneDrive/Bureau/Internship/Dataset/--W00381--P00001--Z00000--T00000--dapi.tif,file:///C:/Users/holly/OneDrive/Bureau/Internship/Dataset/--W00381--P00001--Z00000--T00000--pm-647.tif,file:///C:/Users/holly/OneDrive/Bureau/Internship/Dataset/--W00381--P00001--Z00000--T00000--vsvg-cfp.tif,1344,1344,1344
-1,-1,-1,92.0,92.0,92.0,0.0,0.0,0.203125,0.0,0.015625,0.734375,0.703125,0.140625,0.109375,--W00382--P00001--Z00000--T00000--dapi.tif,--W00382--P00001--Z00000--T00000--pm-647.tif,--W00382--P00001--Z00000--T00000--vsvg-cfp.tif,0,0,0,32,34,1,1024,1024,1024,32,b'eLv0RrmdG20N0CxdGo22BgYgaEfbA3QI5IJcXTMTcyoFMaissAMA7zti0A==',54c6e7b9fc672f2f318e251b84ae8248,0e888da16a5e01caadb824d48c302cc2,b600158b8f42d63bc501c126f18ab622,0,0,0,0,0,0,0,0,0,0,0,C:\Users\holly\OneDrive\Bureau\Internship\Dataset,C:\Users\holly\OneDrive\Bureau\Internship\Dataset,C:\Users\holly\OneDrive\Bureau\Internship\Dataset,Done,65535,65535,65535,0,0,0,0.008471548557281494,0.008766651153564453,0.008471549,0.008766651,-13.130200855071953,-13.272660196642937,0.03705761943138798,0.07072821558388871,file:///C:/Users/holly/OneDrive/Bureau/Internship/Dataset/--W00382--P00001--Z00000--T00000--dapi.tif,file:///C:/Users/holly/OneDrive/Bureau/Internship/Dataset/--W00382--P00001--Z00000--T00000--pm-647.tif,file:///C:/Users/holly/OneDrive/Bureau/Internship/Dataset/--W00382--P00001--Z00000--T00000--vsvg-cfp.tif,1344,1344,1344
-1,-1,-1,91.0,91.0,91.0,0.0,0.0,0.203125,0.0,0.015625,1.03125,0.609375,0.0625,0.015625,--W00383--P00001--Z00000--T00000--dapi.tif,--W00383--P00001--Z00000--T00000--pm-647.tif,--W00383--P00001--Z00000--T00000--vsvg-cfp.tif,0,0,0,33,34,1,1024,1024,1024,33,b'eLv0RrmdG20NDEi6HG0N0CpoR9sDdAjkglxdMxNzKgUxqKywAwD0p2LT',6a00f85f32029d14d5f980020473ffd1,c341e723db79afdc40124d48787a1c81,ba140a85b675d3dd643f4c2abec93028,0,0,0,0,0,0,0,0,0,0,0,C:\Users\holly\OneDrive\Bureau\Internship\Dataset,C:\Users\holly\OneDrive\Bureau\Internship\Dataset,C:\Users\holly\OneDrive\Bureau\Internship\Dataset,Done,65535,65535,65535,0,0,0,0.008831381797790527,0.012087946757674217,0.008831382,0.012087947,-13.13466529654308,-13.113337171079056,0.036445068188742526,0.09102800286882484,file:///C:/Users/holly/OneDrive/Bureau/Internship/Dataset/--W00383--P00001--Z00000--T00000--dapi.tif,file:///C:/Users/holly/OneDrive/Bureau/Internship/Dataset/--W00383--P00001--Z00000--T00000--pm-647.tif,file:///C:/Users/holly/OneDrive/Bureau/Internship/Dataset/--W00383--P00001--Z00000--T00000--vsvg-cfp.tif,1344,1344,1344
-1,-1,-1,89.0,89.0,89.0,0.0,0.0,0.078125,0.0,0.0,0.71875,0.65625,0.09375,0.078125,--W00384--P00001--Z00000--T00000--dapi.tif,--W00384--P00001--Z00000--T00000--pm-647.tif,--W00384--P00001--Z00000--T00000--vsvg-cfp.tif,0,0,0,34,34,1,1024,1024,1024,34,b'eLv0RrmdG20N0Cxdmoy2BgYgaEfbA3QI5IJcXTMTcyoFMaissAMA+hNi1g==',4f9e798e46490cb17efeec59ff940c00,25701be49e2e3ea66c7afb7548afd4df,0bfda1296f834799213e90cf29156682,0,0,0,0,0,0,0,0,0,0,0,C:\Users\holly\OneDrive\Bureau\Internship\Dataset,C:\Users\holly\OneDrive\Bureau\Internship\Dataset,C:\Users\holly\OneDrive\Bureau\Internship\Dataset,Done,65535,65535,65535,0,0,0,0.009320447221398354,0.00970228761434555,0.009320447,0.009702288,-13.069304568200195,-13.227670925317376,0.03781272963145793,0.06457771217895113,file:///C:/Users/holly/OneDrive/Bureau/Internship/Dataset/--W00384--P00001--Z00000--T00000--dapi.tif,file:///C:/Users/holly/OneDrive/Bureau/Internship/Dataset/--W00384--P00001--Z00000--T00000--pm-647.tif,file:///C:/Users/holly/OneDrive/Bureau/Internship/Dataset/--W00384--P00001--Z00000--T00000--vsvg-cfp.tif,1344,1344,1344
